Object,Video_URL,Created_Date,YouTube_Status,Generation_Time
Glass Mango,https://www.youtube.com/watch?v=fake_1751991802,2025-07-08 16:23,Live,0.0 min
Glass Cherry,https://www.youtube.com/watch?v=fake_1752024383,2025-07-09 01:26,Live,0.0 min
Glass Dragon Fruit,https://www.youtube.com/watch?v=fake_1752049505,2025-07-09 08:25,Live,0.0 min
Glass Grape,https://www.youtube.com/watch?v=fake_1752078151,2025-07-09 16:22,Live,0.1 min
Glass Pineapple,https://www.youtube.com/watch?v=fake_1752110803,2025-07-10 01:26,Live,0.1 min
Glass Apple,https://www.youtube.com/watch?v=fake_1752135919,2025-07-10 08:25,Live,0.0 min
Glass Peach,https://www.youtube.com/watch?v=fake_1752164651,2025-07-10 16:24,Live,0.1 min
Glass Strawberry,https://www.youtube.com/watch?v=fake_1752197327,2025-07-11 01:28,Live,0.1 min
Glass Mango,https://www.youtube.com/watch?v=fake_1752222293,2025-07-11 08:24,Live,0.0 min
Glass Cherry,https://www.youtube.com/watch?v=fake_1752250968,2025-07-11 16:22,Live,0.0 min
Glass Dragon Fruit,https://www.youtube.com/watch?v=fake_1752283722,2025-07-12 01:28,Live,0.1 min
Glass Grape,https://www.youtube.com/watch?v=fake_1752308578,2025-07-12 08:22,Live,0.1 min
Glass Pineapple,https://www.youtube.com/watch?v=fake_1752337300,2025-07-12 16:21,Live,0.1 min
Glass Apple,https://www.youtube.com/watch?v=fake_1752371064,2025-07-13 01:44,Live,0.0 min
Glass Peach,https://www.youtube.com/watch?v=fake_1752394929,2025-07-13 08:22,Live,0.1 min
Glass Strawberry,https://www.youtube.com/watch?v=fake_1752423638,2025-07-13 16:20,Live,0.0 min
Glass Mango,https://www.youtube.com/watch?v=fake_1752457312,2025-07-14 01:41,Live,0.1 min
Glass Cherry,https://www.youtube.com/watch?v=fake_1752481871,2025-07-14 08:31,Live,0.2 min
Glass Dragon Fruit,https://www.youtube.com/watch?v=fake_1752510270,2025-07-14 16:24,Live,0.1 min
Glass Grape,https://www.youtube.com/watch?v=fake_1752543668,2025-07-15 01:41,Live,0.1 min
